image_path,mask_path,mean_mi,mean_confidence,error_rate
/content/SUIM/TEST/images/w_r_249_.jpg,/content/SUIM/TEST/masks/w_r_249_.bmp,0.005821825470775366,0.9393647909164429,0.0724945068359375
/content/SUIM/TEST/images/w_r_24_.jpg,/content/SUIM/TEST/masks/w_r_24_.bmp,0.022651201114058495,0.6417087316513062,0.7507171630859375
/content/SUIM/TEST/images/w_r_250_.jpg,/content/SUIM/TEST/masks/w_r_250_.bmp,0.017375832423567772,0.8672235012054443,0.2113494873046875
/content/SUIM/TEST/images/w_r_251_.jpg,/content/SUIM/TEST/masks/w_r_251_.bmp,0.012378931976854801,0.8371022939682007,0.153778076171875
/content/SUIM/TEST/images/w_r_253_.jpg,/content/SUIM/TEST/masks/w_r_253_.bmp,0.004815505817532539,0.9579384922981262,0.0549163818359375
/content/SUIM/TEST/images/w_r_254_.jpg,/content/SUIM/TEST/masks/w_r_254_.bmp,0.010978778824210167,0.9135755896568298,0.1143646240234375
/content/SUIM/TEST/images/w_r_255_.jpg,/content/SUIM/TEST/masks/w_r_255_.bmp,0.015822749584913254,0.8616408109664917,0.2079925537109375
/content/SUIM/TEST/images/w_r_256_.jpg,/content/SUIM/TEST/masks/w_r_256_.bmp,0.009140082634985447,0.9282878041267395,0.1313018798828125
/content/SUIM/TEST/images/w_r_257_.jpg,/content/SUIM/TEST/masks/w_r_257_.bmp,0.005381462164223194,0.9526730179786682,0.0459442138671875
/content/SUIM/TEST/images/w_r_259_.jpg,/content/SUIM/TEST/masks/w_r_259_.bmp,0.004435597453266382,0.9541760087013245,0.090789794921875
/content/SUIM/TEST/images/w_r_25_.jpg,/content/SUIM/TEST/masks/w_r_25_.bmp,0.011384285055100918,0.8678089380264282,0.2932586669921875
/content/SUIM/TEST/images/w_r_262_.jpg,/content/SUIM/TEST/masks/w_r_262_.bmp,0.005901158321648836,0.9253146052360535,0.1582489013671875
/content/SUIM/TEST/images/w_r_263_.jpg,/content/SUIM/TEST/masks/w_r_263_.bmp,0.010037719272077084,0.9071930646896362,0.1170501708984375
/content/SUIM/TEST/images/w_r_265_.jpg,/content/SUIM/TEST/masks/w_r_265_.bmp,0.0068234340287745,0.9377470016479492,0.1369476318359375
/content/SUIM/TEST/images/w_r_266_.jpg,/content/SUIM/TEST/masks/w_r_266_.bmp,0.012894176878035069,0.8841273784637451,0.1515045166015625
/content/SUIM/TEST/images/w_r_267_.jpg,/content/SUIM/TEST/masks/w_r_267_.bmp,0.01201106607913971,0.8417419195175171,0.1558685302734375
/content/SUIM/TEST/images/w_r_268_.jpg,/content/SUIM/TEST/masks/w_r_268_.bmp,0.02364758960902691,0.797531247138977,0.3403167724609375
/content/SUIM/TEST/images/w_r_270_.jpg,/content/SUIM/TEST/masks/w_r_270_.bmp,0.00542858149856329,0.953310489654541,0.03802490234375
/content/SUIM/TEST/images/w_r_271_.jpg,/content/SUIM/TEST/masks/w_r_271_.bmp,0.008830500766634941,0.9184284210205078,0.1874237060546875
/content/SUIM/TEST/images/w_r_273_.jpg,/content/SUIM/TEST/masks/w_r_273_.bmp,0.011990831233561039,0.8690047860145569,0.1958160400390625
/content/SUIM/TEST/images/w_r_274_.jpg,/content/SUIM/TEST/masks/w_r_274_.bmp,0.00711599737405777,0.9350228309631348,0.0723114013671875
/content/SUIM/TEST/images/w_r_276_.jpg,/content/SUIM/TEST/masks/w_r_276_.bmp,0.02043452113866806,0.7533957958221436,0.4874420166015625
/content/SUIM/TEST/images/w_r_277_.jpg,/content/SUIM/TEST/masks/w_r_277_.bmp,0.0068074180744588375,0.9197185635566711,0.2991485595703125
/content/SUIM/TEST/images/w_r_278_.jpg,/content/SUIM/TEST/masks/w_r_278_.bmp,0.007971245795488358,0.9199535846710205,0.1012725830078125
/content/SUIM/TEST/images/w_r_279_.jpg,/content/SUIM/TEST/masks/w_r_279_.bmp,0.009735209867358208,0.8905144333839417,0.1688079833984375
/content/SUIM/TEST/images/w_r_27_.jpg,/content/SUIM/TEST/masks/w_r_27_.bmp,0.008797675371170044,0.8930191993713379,0.0597991943359375
/content/SUIM/TEST/images/w_r_281_.jpg,/content/SUIM/TEST/masks/w_r_281_.bmp,0.009883860126137733,0.9201300740242004,0.126312255859375
/content/SUIM/TEST/images/w_r_282_.jpg,/content/SUIM/TEST/masks/w_r_282_.bmp,0.008743819780647755,0.9123035073280334,0.17535400390625
/content/SUIM/TEST/images/w_r_283_.jpg,/content/SUIM/TEST/masks/w_r_283_.bmp,0.014666879549622536,0.8124472498893738,0.3289947509765625
/content/SUIM/TEST/images/w_r_284_.jpg,/content/SUIM/TEST/masks/w_r_284_.bmp,0.012145612388849258,0.8969059586524963,0.09710693359375
/content/SUIM/TEST/images/w_r_285_.jpg,/content/SUIM/TEST/masks/w_r_285_.bmp,0.006243743002414703,0.9389142990112305,0.068511962890625
/content/SUIM/TEST/images/w_r_286_.jpg,/content/SUIM/TEST/masks/w_r_286_.bmp,0.008230135776102543,0.9353495836257935,0.2462921142578125
/content/SUIM/TEST/images/w_r_287_.jpg,/content/SUIM/TEST/masks/w_r_287_.bmp,0.0081368088722229,0.9255988001823425,0.066925048828125
/content/SUIM/TEST/images/w_r_288_.jpg,/content/SUIM/TEST/masks/w_r_288_.bmp,0.013103922829031944,0.8311764001846313,0.135284423828125
/content/SUIM/TEST/images/w_r_289_.jpg,/content/SUIM/TEST/masks/w_r_289_.bmp,0.004181711468845606,0.9620173573493958,0.0173492431640625
/content/SUIM/TEST/images/w_r_28_.jpg,/content/SUIM/TEST/masks/w_r_28_.bmp,0.008884381502866745,0.9369349479675293,0.1109771728515625
/content/SUIM/TEST/images/w_r_291_.jpg,/content/SUIM/TEST/masks/w_r_291_.bmp,0.0032314429990947247,0.9641706943511963,0.2782135009765625
/content/SUIM/TEST/images/w_r_292_.jpg,/content/SUIM/TEST/masks/w_r_292_.bmp,0.009465692564845085,0.9006521701812744,0.2308502197265625
/content/SUIM/TEST/images/w_r_293_.jpg,/content/SUIM/TEST/masks/w_r_293_.bmp,0.011003922671079636,0.9029380083084106,0.168243408203125
/content/SUIM/TEST/images/w_r_294_.jpg,/content/SUIM/TEST/masks/w_r_294_.bmp,0.006466362625360489,0.9414927959442139,0.0660247802734375
/content/SUIM/TEST/images/w_r_295_.jpg,/content/SUIM/TEST/masks/w_r_295_.bmp,0.011806948110461235,0.8877729773521423,0.3855743408203125
/content/SUIM/TEST/images/w_r_298_.jpg,/content/SUIM/TEST/masks/w_r_298_.bmp,0.010932166129350662,0.8933628797531128,0.171417236328125
/content/SUIM/TEST/images/w_r_299_.jpg,/content/SUIM/TEST/masks/w_r_299_.bmp,0.014056921936571598,0.8418523073196411,0.153900146484375
/content/SUIM/TEST/images/w_r_29_.jpg,/content/SUIM/TEST/masks/w_r_29_.bmp,0.016232650727033615,0.8219375610351562,0.589447021484375
/content/SUIM/TEST/images/w_r_2_.jpg,/content/SUIM/TEST/masks/w_r_2_.bmp,0.016127731651067734,0.7768344879150391,0.6391754150390625
/content/SUIM/TEST/images/w_r_30_.jpg,/content/SUIM/TEST/masks/w_r_30_.bmp,0.012007364071905613,0.8393236398696899,0.3399810791015625
/content/SUIM/TEST/images/w_r_32_.jpg,/content/SUIM/TEST/masks/w_r_32_.bmp,0.012784565798938274,0.8909955620765686,0.1617584228515625
/content/SUIM/TEST/images/w_r_33_.jpg,/content/SUIM/TEST/masks/w_r_33_.bmp,0.009379610419273376,0.9295714497566223,0.0813751220703125
/content/SUIM/TEST/images/w_r_36_.jpg,/content/SUIM/TEST/masks/w_r_36_.bmp,0.006868658121675253,0.9257248044013977,0.1606292724609375
/content/SUIM/TEST/images/w_r_38_.jpg,/content/SUIM/TEST/masks/w_r_38_.bmp,0.0030147447250783443,0.9652507901191711,0.030303955078125
/content/SUIM/TEST/images/w_r_3_.jpg,/content/SUIM/TEST/masks/w_r_3_.bmp,0.017376456409692764,0.8283987641334534,0.407073974609375
/content/SUIM/TEST/images/w_r_41_.jpg,/content/SUIM/TEST/masks/w_r_41_.bmp,0.00703335739672184,0.9102799892425537,0.1463775634765625
/content/SUIM/TEST/images/w_r_42_.jpg,/content/SUIM/TEST/masks/w_r_42_.bmp,0.008229561150074005,0.9240167140960693,0.0930938720703125
/content/SUIM/TEST/images/w_r_43_.jpg,/content/SUIM/TEST/masks/w_r_43_.bmp,0.007601367309689522,0.908531129360199,0.3559417724609375
/content/SUIM/TEST/images/w_r_44_.jpg,/content/SUIM/TEST/masks/w_r_44_.bmp,0.006934293545782566,0.9149306416511536,0.1042633056640625
/content/SUIM/TEST/images/w_r_45_.jpg,/content/SUIM/TEST/masks/w_r_45_.bmp,0.011624790728092194,0.9055767059326172,0.1163177490234375
/content/SUIM/TEST/images/w_r_47_.jpg,/content/SUIM/TEST/masks/w_r_47_.bmp,0.010832538828253746,0.8875467777252197,0.225860595703125
/content/SUIM/TEST/images/w_r_48_.jpg,/content/SUIM/TEST/masks/w_r_48_.bmp,0.0118509940803051,0.9165627956390381,0.121063232421875
/content/SUIM/TEST/images/w_r_49_.jpg,/content/SUIM/TEST/masks/w_r_49_.bmp,0.005160029511898756,0.9376346468925476,0.2517242431640625
/content/SUIM/TEST/images/w_r_4_.jpg,/content/SUIM/TEST/masks/w_r_4_.bmp,0.005298190284520388,0.9520190358161926,0.0992279052734375
/content/SUIM/TEST/images/w_r_50_.jpg,/content/SUIM/TEST/masks/w_r_50_.bmp,0.005498806480318308,0.9396765828132629,0.074249267578125
/content/SUIM/TEST/images/w_r_51_.jpg,/content/SUIM/TEST/masks/w_r_51_.bmp,0.013118702918291092,0.8404216170310974,0.220062255859375
/content/SUIM/TEST/images/w_r_53_.jpg,/content/SUIM/TEST/masks/w_r_53_.bmp,0.0063594430685043335,0.9583842754364014,0.03167724609375
/content/SUIM/TEST/images/w_r_54_.jpg,/content/SUIM/TEST/masks/w_r_54_.bmp,0.008989153429865837,0.914323091506958,0.21038818359375
/content/SUIM/TEST/images/w_r_56_.jpg,/content/SUIM/TEST/masks/w_r_56_.bmp,0.010539434850215912,0.8859965801239014,0.1167144775390625
/content/SUIM/TEST/images/w_r_57_.jpg,/content/SUIM/TEST/masks/w_r_57_.bmp,0.007733180187642574,0.9336099028587341,0.1039581298828125
/content/SUIM/TEST/images/w_r_58_.jpg,/content/SUIM/TEST/masks/w_r_58_.bmp,0.013940364122390747,0.881057620048523,0.3033905029296875
/content/SUIM/TEST/images/w_r_59_.jpg,/content/SUIM/TEST/masks/w_r_59_.bmp,0.0037451949901878834,0.9587794542312622,0.050445556640625
/content/SUIM/TEST/images/w_r_5_.jpg,/content/SUIM/TEST/masks/w_r_5_.bmp,0.003095204709097743,0.9691735506057739,0.0223236083984375
/content/SUIM/TEST/images/w_r_60_.jpg,/content/SUIM/TEST/masks/w_r_60_.bmp,0.0028843157924711704,0.966489851474762,0.148406982421875
/content/SUIM/TEST/images/w_r_62_.jpg,/content/SUIM/TEST/masks/w_r_62_.bmp,0.014264856465160847,0.8824239373207092,0.26226806640625
/content/SUIM/TEST/images/w_r_63_.jpg,/content/SUIM/TEST/masks/w_r_63_.bmp,0.013981557451188564,0.7549372911453247,0.7626953125
/content/SUIM/TEST/images/w_r_64_.jpg,/content/SUIM/TEST/masks/w_r_64_.bmp,0.007181684486567974,0.9351253509521484,0.4215240478515625
/content/SUIM/TEST/images/w_r_65_.jpg,/content/SUIM/TEST/masks/w_r_65_.bmp,0.014396244660019875,0.8362084627151489,0.1643829345703125
/content/SUIM/TEST/images/w_r_66_.jpg,/content/SUIM/TEST/masks/w_r_66_.bmp,0.011463373899459839,0.8808563947677612,0.1590728759765625
/content/SUIM/TEST/images/w_r_67_.jpg,/content/SUIM/TEST/masks/w_r_67_.bmp,0.014886448159813881,0.8031808137893677,0.3248443603515625
/content/SUIM/TEST/images/w_r_68_.jpg,/content/SUIM/TEST/masks/w_r_68_.bmp,0.014339867047965527,0.8186634182929993,0.251495361328125
/content/SUIM/TEST/images/w_r_69_.jpg,/content/SUIM/TEST/masks/w_r_69_.bmp,0.009511537849903107,0.9108814001083374,0.140960693359375
/content/SUIM/TEST/images/w_r_6_.jpg,/content/SUIM/TEST/masks/w_r_6_.bmp,0.006410209462046623,0.926246702671051,0.227081298828125
/content/SUIM/TEST/images/w_r_70_.jpg,/content/SUIM/TEST/masks/w_r_70_.bmp,0.011193599551916122,0.8764014840126038,0.312744140625
/content/SUIM/TEST/images/w_r_71_.jpg,/content/SUIM/TEST/masks/w_r_71_.bmp,0.015417687594890594,0.8685019016265869,0.13623046875
/content/SUIM/TEST/images/w_r_73_.jpg,/content/SUIM/TEST/masks/w_r_73_.bmp,0.013358328491449356,0.8531184792518616,0.2392730712890625
/content/SUIM/TEST/images/w_r_74_.jpg,/content/SUIM/TEST/masks/w_r_74_.bmp,0.005726431030780077,0.9511458277702332,0.3587188720703125
/content/SUIM/TEST/images/w_r_75_.jpg,/content/SUIM/TEST/masks/w_r_75_.bmp,0.004853421356528997,0.9472572207450867,0.0618743896484375
/content/SUIM/TEST/images/w_r_76_.jpg,/content/SUIM/TEST/masks/w_r_76_.bmp,0.02190937101840973,0.7389352917671204,0.3541412353515625
/content/SUIM/TEST/images/w_r_77_.jpg,/content/SUIM/TEST/masks/w_r_77_.bmp,0.006971178110688925,0.9154503345489502,0.4178619384765625
/content/SUIM/TEST/images/w_r_78_.jpg,/content/SUIM/TEST/masks/w_r_78_.bmp,0.012194630689918995,0.8743691444396973,0.1093597412109375
/content/SUIM/TEST/images/w_r_79_.jpg,/content/SUIM/TEST/masks/w_r_79_.bmp,0.013192372396588326,0.8730467557907104,0.304718017578125
/content/SUIM/TEST/images/w_r_7_.jpg,/content/SUIM/TEST/masks/w_r_7_.bmp,0.005684976931661367,0.9418247938156128,0.074676513671875
/content/SUIM/TEST/images/w_r_80_.jpg,/content/SUIM/TEST/masks/w_r_80_.bmp,0.002697028685361147,0.9693023562431335,0.2615814208984375
/content/SUIM/TEST/images/w_r_81_.jpg,/content/SUIM/TEST/masks/w_r_81_.bmp,0.006960089784115553,0.9342541694641113,0.140594482421875
/content/SUIM/TEST/images/w_r_82_.jpg,/content/SUIM/TEST/masks/w_r_82_.bmp,0.009037820622324944,0.9136962294578552,0.24200439453125
/content/SUIM/TEST/images/w_r_83_.jpg,/content/SUIM/TEST/masks/w_r_83_.bmp,0.011068569496273994,0.8800182342529297,0.1168060302734375
/content/SUIM/TEST/images/w_r_84_.jpg,/content/SUIM/TEST/masks/w_r_84_.bmp,0.019705755636096,0.8398493528366089,0.39227294921875
/content/SUIM/TEST/images/w_r_85_.jpg,/content/SUIM/TEST/masks/w_r_85_.bmp,0.011002661660313606,0.8631298542022705,0.229736328125
/content/SUIM/TEST/images/w_r_86_.jpg,/content/SUIM/TEST/masks/w_r_86_.bmp,0.008267148397862911,0.8927383422851562,0.196502685546875
/content/SUIM/TEST/images/w_r_87_.jpg,/content/SUIM/TEST/masks/w_r_87_.bmp,0.008908521384000778,0.9258583188056946,0.08770751953125
/content/SUIM/TEST/images/w_r_88_.jpg,/content/SUIM/TEST/masks/w_r_88_.bmp,0.008603621274232864,0.910359263420105,0.2831573486328125
/content/SUIM/TEST/images/w_r_89_.jpg,/content/SUIM/TEST/masks/w_r_89_.bmp,0.006728895008563995,0.9342365264892578,0.0610809326171875
/content/SUIM/TEST/images/w_r_8_.jpg,/content/SUIM/TEST/masks/w_r_8_.bmp,0.011899175122380257,0.9098511934280396,0.184783935546875
/content/SUIM/TEST/images/w_r_90_.jpg,/content/SUIM/TEST/masks/w_r_90_.bmp,0.006089527625590563,0.9316298961639404,0.227142333984375
/content/SUIM/TEST/images/w_r_91_.jpg,/content/SUIM/TEST/masks/w_r_91_.bmp,0.01739952154457569,0.8156741261482239,0.265655517578125
/content/SUIM/TEST/images/w_r_92_.jpg,/content/SUIM/TEST/masks/w_r_92_.bmp,0.011146930046379566,0.8670215606689453,0.212249755859375
/content/SUIM/TEST/images/w_r_93_.jpg,/content/SUIM/TEST/masks/w_r_93_.bmp,0.007583582773804665,0.9463655352592468,0.072601318359375
/content/SUIM/TEST/images/w_r_94_.jpg,/content/SUIM/TEST/masks/w_r_94_.bmp,0.010931062512099743,0.8995413184165955,0.1410369873046875
/content/SUIM/TEST/images/w_r_95_.jpg,/content/SUIM/TEST/masks/w_r_95_.bmp,0.004806665237993002,0.9597855806350708,0.06231689453125
/content/SUIM/TEST/images/w_r_96_.jpg,/content/SUIM/TEST/masks/w_r_96_.bmp,0.014876178465783596,0.8441311120986938,0.3544464111328125
/content/SUIM/TEST/images/w_r_98_.jpg,/content/SUIM/TEST/masks/w_r_98_.bmp,0.006978453602641821,0.9411634802818298,0.1406097412109375
/content/SUIM/TEST/images/w_r_99_.jpg,/content/SUIM/TEST/masks/w_r_99_.bmp,0.004172915127128363,0.9661993980407715,0.030853271484375
/content/SUIM/TEST/images/w_r_9_.jpg,/content/SUIM/TEST/masks/w_r_9_.bmp,0.00447032181546092,0.9685732126235962,0.057952880859375
